"baseMean","log2FoldChange","lfcSE","stat","pvalue","padj","Gene"
46.547846681666,-8.87774770268119,1.70443538771273,-5.20861498574887,1.90255433242234e-07,7.03945102996265e-06,"CADM2"
46.9151315600528,-8.88897409486066,1.77330614411137,-5.01265623218998,5.36837558150033e-07,9.9314948257756e-06,"NTRK2"
163.598703503344,3.76024304938748,0.857768879438964,4.38374851259109,1.16654434266729e-05,0.000143873802262299,"FTO"
125.041937480546,-3.89594748914233,1.04570636577654,-3.72566106188825,0.000194804018436588,0.00180193717053844,"FABP4"
17.9196866279524,-7.50074240462645,2.26095816750192,-3.31750605227423,0.000908249478884921,0.00672104614374841,"LEP"
137.602886037054,2.80082862680816,1.01177542996445,2.76823151053054,0.00563614033457839,0.0347561987299001,"MC4R"
